{
  "model/models-dbg.js": 1744299414128,
  "model/models.js": 1744299414128,
  "controller/OverviewPage.controller.js": 1744299414128,
  "controller/App.controller.js": 1744299414128,
  "manifest.json": 1744730232420,
  "Component.js": 1744299414128,
  "controller/OverviewPage-dbg.controller.js": 1744299414128,
  "controller/OverviewPage.controller.js.map": 1744730232577,
  "i18n/i18n.properties": 1744299414128,
  "model/models.js.map": 1744730232584,
  "controller/App-dbg.controller.js": 1744299414128,
  "controller/App.controller.js.map": 1744730232583,
  "Component-dbg.js": 1744299414128,
  "Component.js.map": 1744730232584,
  "Component-preload.js": 1744730232648,
  "Component-preload.js.map": 1744730232648,
  "view/OverviewPage.view.xml": 1744299414128,
  "view/App.view.xml": 1744299414128,
  "css/style.css": 1744299414128,
  "index.html": 1744299414128
}