{
  "controller/Object.controller.js": 1746623402170,
  "i18n/i18n.properties": 1746623402170,
  "controller/Worklist.controller.js": 1746623402170,
  "model/models.js": 1744881576676,
  "controller/App.controller.js": 1744881576676,
  "manifest.json": 1746632208970,
  "Component.js": 1744881576676,
  "Component-dbg.js": 1744881576676,
  "Component.js.map": 1746632209886,
  "controller/Worklist-dbg.controller.js": 1746623402170,
  "controller/Worklist.controller.js.map": 1746632209888,
  "model/models-dbg.js": 1744881576676,
  "model/models.js.map": 1746632209885,
  "controller/App-dbg.controller.js": 1744881576676,
  "controller/App.controller.js.map": 1746632209884,
  "controller/Object-dbg.controller.js": 1746623402170,
  "controller/Object.controller.js.map": 1746632209894,
  "Component-preload.js": 1746632211339,
  "Component-preload.js.map": 1746632211339,
  "view/Worklist.view.xml": 1746623516187,
  "view/Object.view.xml": 1746623402170,
  "view/App.view.xml": 1744881576676,
  "css/style.css": 1744881576676,
  "index.html": 1744881576676
}