{
  "model/formatter-dbg.js": 1747656736449,
  "controller/App.controller.js": 1744881576676,
  "model/formatter.js": 1747656736449,
  "controller/Worklist.controller.js": 1747656736445,
  "controller/Object.controller.js": 1747656736445,
  "model/models.js": 1744881576676,
  "manifest.json": 1747747002106,
  "Component.js": 1744881576676,
  "Component-dbg.js": 1744881576676,
  "Component.js.map": 1747747003997,
  "i18n/i18n.properties": 1746623402170,
  "model/formatter.js.map": 1747747003999,
  "controller/Worklist-dbg.controller.js": 1747656736445,
  "controller/Worklist.controller.js.map": 1747747004006,
  "controller/Object-dbg.controller.js": 1747656736445,
  "controller/Object.controller.js.map": 1747747004015,
  "model/models-dbg.js": 1744881576676,
  "model/models.js.map": 1747747004000,
  "controller/App-dbg.controller.js": 1744881576676,
  "controller/App.controller.js.map": 1747747004002,
  "Component-preload.js": 1747747004695,
  "Component-preload.js.map": 1747747004695,
  "view/Worklist.view.xml": 1747656736453,
  "view/Object.view.xml": 1747656736449,
  "view/App.view.xml": 1747656736449,
  "css/style.css": 1747656736445,
  "index.html": 1747656736449
}